Well Id,Oil_prod,Water_prod
16/07-1,1126269,54298
16/07-2,39417,124
16/07-3,1357802,14263
11/30a-9Z,0,0
11/30a-A1,3078229,2073136
11/30a-A10,710,710
11/30a-A11,2806891,2355247
11/30a-A12,1915606,914119
11/30a-A13,110,110
11/30a-A14,526654,355700
11/30a-A15,0,0
11/30a-A16,300,300
11/30a-A18,6652614,5635964
11/30a-A19,1278987,1032636
11/30a-A2,439501,59113
11/30a-A20,999822,414988
11/30a-A21,8313465,5917060
11/30a-A23,5720609,5156356
11/30a-A24,2433471,1912295
11/30a-A25,1792846,987044
11/30a-A26,3822428,3096502
11/30a-A27,6962434,6087891
11/30a-A28,3391866,3028682
11/30a-A29,30962,10659
11/30a-A3,4822949,3187811
11/30a-A30,4243546,3923174
11/30a-A32,58649,58180
11/30a-A33Z,90248,82545
11/30a-A4,7455457,4948113
11/30a-A5,7138915,5648911
11/30a-A6,2170478,1816293
11/30a-A7,488715,152492
11/30a-A8,2422956,1849256
11/30a-A9,1709956,383000
11/30a-B1,892583,531902
11/30a-B10,1996078,1131104
11/30a-B2,1387001,602450
11/30a-B3,1982982,602881
11/30a-B4,1491084,881346
11/30a-B5,431629,263453
11/30a-B8,367379,178784
11/30a-B9,1393949,1091974
16/03a-E1,141,0
16/03a-E10,1135330,40037
16/03a-E11,597438,39336
16/03a-E12,82116,828
16/03a-E13,1208848,392170
16/03a-E14,733252,94646
16/03a-E15,1294458,430363
16/03a-E16,202031,18261
16/03a-E17,357848,154846
16/03a-E18,462610,40583
16/03a-E19,763221,304961
16/03a-E2,4052666,1325650
16/03a-E20,932053,331964
16/03a-E21,1001707,323185
16/03a-E22,81,0
16/03a-E23,284314,158027
16/03a-E24,217547,9801
16/03a-E25,57032,4158
16/03a-E26,20731,2798
16/03a-E3,5,0
16/03a-E4,1692772,558634
16/03a-E5,2379434,349769
16/03a-E6,2023631,58470
16/03a-E7,47355,3348
16/03a-E8,623075,115124
16/03a-E9,286407,20187
16/07a-4,640003,4475
16/07a-5,2124208,68490
16/07a-A1,4102250,423346
16/07a-A10,807,62
16/07a-A11,3203377,114641
16/07a-A12,1640252,61303
16/07a-A15,24586,796
16/07a-A16,3147347,1518646
16/07a-A17,99890,4415
16/07a-A18,780321,6196
16/07a-A2,7012378,1261291
16/07a-A20,975445,4360
16/07a-A21,3323314,2108321
16/07a-A22,4646701,148709
16/07a-A23,1378338,97188
16/07a-A24,700431,139010
16/07a-A25,274904,2480
16/07a-A27,1155422,811872
16/07a-A28,13695,7065
16/07a-A29,298418,62640
16/07a-A3,2775457,840999
16/07a-A31,323877,142661
16/07a-A32,1412432,979459
16/07a-A33,71238,2482
16/07a-A34,0,0
16/07a-A34Z,84124,2581
16/07a-A36,669043,465169
16/07a-A37,399959,7066
16/07a-A38,193991,11492
16/07a-A39,369534,193371
16/07a-A4,1453588,517154
16/07a-A40,173740,1971
16/07a-A5,3297028,465162
16/07a-A6,480476,37352
16/07a-A7,613831,120740
16/07a-A8,4469659,1383521
16/07a-A9,49807,632
16/07a-B1,3123941,284468
16/07a-B10,1284436,18152
16/07a-B11,23046,138
16/07a-B12,3964044,625063
16/07a-B13,75227,229
16/07a-B15,1366325,186635
16/07a-B16,1948917,1096669
16/07a-B17,1592974,159788
16/07a-B18,258969,17822
16/07a-B2,245611,32234
16/07a-B20,691749,56093
16/07a-B21,820350,62065
16/07a-B22,398852,11728
16/07a-B23,681784,28212
16/07a-B24,498623,3192
16/07a-B25,120797,41973
16/07a-B26,161422,2152
16/07a-B27,278314,64806
16/07a-B28,53394,55
16/07a-B3,1702544,94824
16/07a-B4,1671499,314262
16/07a-B5,4995,37
16/07a-B6,683724,161255
16/07a-B7,2800537,512195
16/07a-B8,7464,0
16/07a-B9,1639873,183457
16/07a-C7,738642,15529
16/12a-18Z,2130282,158546
16/12a-22,307187,1666
16/12a-8,1448424,273822
16/21a-13,36031,5124
16/21a-2,3028419,1798871
16/21a-3,3780189,2130249
16/21a-B1,6582419,4358059
16/21a-B10,4386798,3339097
16/21a-B2,6218387,3783614
16/21a-B3,5158675,3233226
16/21a-B4,3118779,1859694
16/21a-B5,2568632,1798283
16/21a-B6,4351803,3112709
16/21a-B7,573065,341084
16/21a-B8,823021,357289
16/21a-B9,6272,147
16/21b-12,1753994,216806
16/21b-21,1830053,1185952
16/21b-25Z,3311046,2027485
16/21b-29,1197023,728182
16/21b-P3,4279085,3000164
16/21d-31Z,1527030,850242
16/26-A11,2943191,1817720
16/26-A12,1052839,94255
16/26-A14,2739429,533417
16/26-A15,606689,38257
16/26-A16,4492365,2585300
16/26-A17,2014015,1450830
16/26-A18,3700727,1575116
16/26-A19,816052,533368
16/26-A2,3196831,1907620
16/26-A20,765088,561660
16/26-A21,1323954,349481
16/26-A23,1920681,461699
16/26-A24,489713,249996
16/26-A25,1835439,1394057
16/26-A26,1168062,421070
16/26-A27X,0,0
16/26-A29,669624,1595
16/26-A3,1629998,52089
16/26-A30Z,299221,199153
16/26-A32Y,187499,458
16/26-A33Y,66431,160
16/26-A5,1042297,321377
16/26-A6,1210390,28574
16/26-A7,3248327,2200463
16/26-A8,1906179,588568
16/26-A9,3472044,683808
16/28-16Z,1788456,239372
16/28-A10,1023336,182756
16/28-A11,6143,0
16/28-A12,628540,36713
16/28-A13,374943,21334
16/28-A14,362925,7159
16/28-A2,2265620,441495
16/28-A3,1141592,55690
16/28-A4,1284621,4913
16/28-A5,443,0
16/28-A6,1404269,145363
16/28-A7,1633101,322349
16/28-A8,1402656,148547
16/28-A9,812027,25692
22/17-T1,1866419,475815
22/17-T10,889703,86946
22/17-T13,717094,86335
22/17-T14,1501205,68282
22/17-T15,1532460,429248
22/17-T16,1133410,5032
22/17-T17,1416607,446351
22/17-T19,1552221,156599
22/17-T2,981226,118459
22/17-T20,998829,78403
22/17-T3,2410281,619857
22/17-T4,1677029,483986
22/17-T5,2314607,454599
22/17-T8,1750858,18011
22/23a-C1,99533,3911
22/23a-C2,715466,8482
22/23a-C3,517799,11094
29/02a-B1,576599,0
29/02a-B2,208140,0
3/04a-15,6325966,2010670
3/09a-E1,681718,40994
3/09a-E2,932441,87437
3/09a-E3,451128,24790
3/09a-N10,9411037,5762768
3/09a-N11,7667062,5042205
3/09a-N12,169819,169819
3/09a-N13,1264878,169630
3/09a-N15,0,0
3/09a-N16,22058,22058
3/09a-N17,5505990,3035006
3/09a-N18,4092033,1492381
3/09a-N19,1566,1566
3/09a-N2,5703291,2165539
3/09a-N21,74276,74276
3/09a-N22,33911,33911
3/09a-N24,22400,22400
3/09a-N25,13641,13641
3/09a-N26,6894744,3677352
3/09a-N27,8960,8960
3/09a-N3,6628237,4379207
3/09a-N30,984819,541830
3/09a-N31,1855233,863518
3/09a-N32,50793,45623
3/09a-N33,6443,6443
3/09a-N34,1124,1124
3/09a-N35,3691,3691
3/09a-N36,501821,206874
3/09a-N37,622073,653
3/09a-N38,1341,1341
3/09a-N39,429,429
3/09a-N4,9145,9145
3/09a-N5,4855396,2780281
3/09a-N6,11498,11498
3/09a-N7,10578,10578
3/09a-N8,28753,28753
30/16-A1,4626870,2861958
30/16-A10,2881758,765282
30/16-A11,2615348,653376
30/16-A12,1237820,935688
30/16-A13,1920624,1885058
30/16-A17Z,2501406,1466840
30/16-A18,330114,49183
30/16-A19,519231,486863
30/16-A2,18296462,12541192
30/16-A20,160932,98729
30/16-A21,1433792,847554
30/16-A22,1138471,463180
30/16-A23,588589,313611
30/16-A24,564542,100646
30/16-A25,4498,209
30/16-A3,633794,97366
30/16-A3Z,455765,339188
30/16-A4,7467803,6692872
30/16-A5,16016892,12128171
30/16-A6,710596,439976
30/16-A7,833897,188052
30/16-A8,3315389,1619210
30/16-A8Y,57278,47761
30/16-A9,1207036,1057581
30/16a-A15,331130,239788
30/16a-A16,263292,220967
30/24-10,54125,44632
30/24-11,1713734,696446
30/24-12,3857,162
30/24-14,359480,113481
30/24-16,2860139,1700702
30/24-18,813593,326992
30/24-2,1733296,295561
30/24-20,430438,265448
30/24-25,869502,219405
30/24-28,918902,326796
30/24-3,591338,124736
30/24-31,1125608,530273
30/24-5,2724190,898639
30/24-6,1119366,144483
30/24-8,36531,13769
30/24-9,4046560,1868320
31/26-6,1128950,243606
31/26-7,959329,160868
9/13-1,416449,674
9/13-15,5464955,16737
9/13-6A,476598,29761
9/13a-20B,4782341,221010
9/13a-24,328935,197371
9/13a-35,139185,3776
9/13a-42,738662,2407
9/13a-48,1029664,6415
9/13a-56,325137,46969
9/13a-60Z,231796,68969
9/13-A1,3254437,149220
9/13-A10,559489,8723
9/13-A11,42986,1138
9/13-A12,1252216,122828
9/13-A13,67689,43793
9/13-A15,64212,2209
9/13-A16,1872137,277262
9/13-A17,804977,180862
9/13-A18,1718365,39083
9/13-A19Z,261833,7991
9/13-A2,961305,63164
9/13-A20,3675353,164567
9/13-A21,139497,6166
9/13-A22,689300,7964
9/13-A23,2921465,970945
9/13-A24,216381,1175
9/13-A25,3415800,41129
9/13-A26Z,2344902,1565908
9/13-A27,1617625,126431
9/13-A28,3309310,1724494
9/13-A29,17308,3044
9/13-A3,1022620,45770
9/13-A30,1977425,467937
9/13-A31,68506,841
9/13-A32,1902221,112158
9/13-A33,29996,7652
9/13-A34,1751694,543449
9/13-A35,2896702,72182
9/13-A36,2115111,500689
9/13-A37,2085379,179375
9/13-A38,154827,4061
9/13-A39,4458793,1978122
9/13-A4,50334,102
9/13-A40,2042872,17717
9/13-A41Z,477220,196892
9/13-A42,61852,602
9/13-A43,1170578,271668
9/13-A44,490817,10877
9/13-A45,899637,7811
9/13-A46,1002859,127768
9/13-A47,483345,100703
9/13-A48,295250,34847
9/13-A49,806673,160099
9/13-A5,409936,417
9/13-A50,2143190,1268762
9/13-A51,247433,22057
9/13-A52,884767,3496
9/13-A53,512336,63372
9/13-A54,374877,111682
9/13-A55,455625,84745
9/13-A56,231540,31017
9/13-A57,12554,2228
9/13-A59,229257,4502
9/13-A6,1700962,309209
9/13-A60,22905,9225
9/13-A7,3527197,3194
9/13-A8,2957685,1205
9/13-A9,5737310,10894
9/13a-A61,230032,2214
9/13a-A62,436584,151285
9/13a-A63,145912,1403
9/13a-A64,232474,2102
9/13a-A65,373348,22302
9/13a-A66,54240,1393
9/13a-A67,78468,5231
9/13a-A69,315,48
9/13a-A70,85014,700
9/13a-A72,58971,507
9/13a-B1,1291547,140790
9/13a-B11,820350,1431
9/13a-B12Z,42536,4003
9/13a-B13,849208,415642
9/13a-B14,3280655,845304
9/13a-B15,4059527,1633623
9/13a-B16,1932234,748364
9/13a-B17,705246,292948
9/13a-B18,929295,101308
9/13a-B19,1982205,856483
9/13a-B2,3626744,298939
9/13a-B20,124977,872
9/13a-B21,965445,131637
9/13a-B22,578572,102152
9/13a-B23,1419060,349288
9/13a-B26,333001,44696
9/13a-B27,2688000,721612
9/13a-B28,802107,192175
9/13a-B29,2915294,450809
9/13a-B30,758171,201322
9/13a-B31,1119631,34197
9/13a-B32,568750,60073
9/13a-B33,709108,438991
9/13a-B34,445120,25834
9/13a-B35,578721,223552
9/13a-B36,206984,42386
9/13a-B37,744385,239129
9/13a-B38,167139,129774
9/13a-B39,906204,96397
9/13a-B4,4461350,1807054
9/13a-B40,2581283,627869
9/13a-B41,557214,205772
9/13a-B43,440061,23895
9/13a-B44,596647,236693
9/13a-B45,314804,238543
9/13a-B46,499987,238317
9/13a-B47Y,1002071,377708
9/13a-B48,738059,303030
9/13a-B49,2258,86
9/13a-B5,2683314,302111
9/13a-B50,82963,11317
9/13a-B51,2684,31
9/13a-B6,694810,172622
9/13a-B7,996719,104394
9/13a-B8,953591,442845
9/13a-B9,1697738,1045516
21/01-2,1946190,494428
21/01-6,5000395,83167
21/01-7,3048481,111370
13/22a-C11,13430,151
13/22a-C13,35758,0
13/22a-C15,876249,56252
13/22a-C16Y,140046,2358
13/22a-C17,266368,32007
13/22a-C18,567506,66209
13/22a-C19Z,427376,185073
13/22a-C2,2145880,1431110
13/22a-C21Y,213297,36389
13/22a-C22,182419,10197
13/22a-C24,99629,50170
13/22a-C3,1261524,677473
13/22a-C4,4746205,4746205
13/22a-C5,579339,17498
13/22a-C6,1213273,548439
13/22a-C7,957817,163510
13/22a-C8,874580,184368
13/22a-C9,1323156,421337
14/19-C1,3757759,1404025
14/19-C10,4559628,30955
14/19-C11,15189,960
14/19-C12,546040,60
14/19-C13,5575644,605321
14/19-C14,4811191,1543071
14/19-C15,13339,13206
14/19-C16,25081,25081
14/19-C17Z,8537,8452
14/19-C18,34676,0
14/19-C19,200129,45065
14/19-C2,4100059,812590
14/19-C20,3389,267
14/19-C21,7998,7998
14/19-C22,972005,138766
14/19-C23,1980029,388944
14/19-C24,7221198,2893755
14/19-C25,558380,220885
14/19-C26,508113,112378
14/19-C27,2233,0
14/19-C28,1561203,630810
14/19-C29,692015,42277
14/19-C3,6141149,753911
14/19-C30,1543360,426278
14/19-C31,1021258,489355
14/19-C33,1878040,594573
14/19-C35,145787,63684
14/19-C36,127,126
14/19-C38,1048589,1130
14/19-C39,276771,89585
14/19-C4,7685622,2500177
14/19-C41,4010,3716
14/19-C43,3218766,1418530
14/19-C44,3966076,1740321
14/19-C45,1299,269
14/19-C46,243759,96988
14/19-C48,7795177,4021357
14/19-C49,44791,9909
14/19-C50,1546167,593373
14/19-C51,1338850,691464
14/19-C52,1347615,645947
14/19-C53,1990689,1082067
14/19-C54,3263581,2369629
14/19-C55,3861594,920768
14/19-C56,1479225,906905
14/19-C57,2224806,1136323
14/19-C58,4088681,3397854
14/19-C59,1034516,158119
14/19-C61,468299,3849
14/19-C62,36403,31325
14/19-C63,149700,32732
14/19-C64,1325750,127558
14/19-C65,923853,264123
14/19-C66,1568757,508796
14/19-C69,894418,131733
14/19-C6A,2082150,602062
14/19-C7,3404552,967977
14/19-C71,1164693,550253
14/19-C72,273040,13891
14/19-C73,349720,226723
14/19-C8,3952903,961522
14/19-C9Z,3475758,833624
15/17-13,622126,88426
15/17-A10,453327,351951
15/30-M1,83270,2775
15/30-M2,83270,2775
15/30-M3,83270,2775
15/30-M4,83270,2775
15/30-M5,83270,2775
15/30-M6,83270,2775
15/30-M7,83270,2775
16/26-B1,83427,2792
16/26-B10,83741,2797
16/26-B11,26151,735
16/26-B2,83388,2781
16/26-B3,83270,2775
16/26-B4,86465,2926
16/26-B5,84874,2851
16/26-B6,83270,2775
16/26-B7,84489,2833
16/26-B8,89295,3059
16/26-B9,84322,2825
20/05a-1,1664424,914810
21/01a-10,2614950,277194
21/01a-11,1197624,235788
21/01a-14,884208,15701
21/01a-8,582013,63319
21/01a-9,4432260,1101786
211/21a-N20,46133590,27909400
211/21a-N21,19780287,11574444
211/21a-N22,39174228,25513178
211/21a-N23,19356758,12636052
211/21-N1,34536390,12713208
211/21-N10,12300,7845
211/21-N11,48692140,25812380
211/21-N12,2683676,2145579
211/21-N12Z,0,0
211/21-N13,134624,0
211/21-N14,8579103,4270311
211/21-N14Z,0,0
211/21-N15,0,0
211/21-N16,24575372,14375924
211/21-N17,6622539,5034021
211/21-N18,1346373,0
211/21-N19Y,58172,64
211/21-N2,60870220,30022404
211/21-N24,37075923,27741471
211/21-N25,14578831,11626943
211/21-N26,0,0
211/21-N27,124606,0
211/21-N28Z,85946,770
211/21-N29,6072942,4287465
211/21-N3,6988,6988
211/21-N30,501416,7732
211/21-N31,47039225,32975395
211/21-N32,8806344,6380632
211/21-N33,6555878,5233472
211/21-N34,405294,404892
211/21-N34Z,0,0
211/21-N36,3242475,2263660
211/21-N36Z,18616990,16127755
211/21-N38,4966328,3697528
211/21-N39,3488616,2686836
211/21-N3Z,0,0
211/21-N4,58433,15849
211/21-N40,13801122,11503092
211/21-N41,7658812,5930516
211/21-N42,369066,206685
211/21-N43,4329672,2663880
211/21-N45,2179818,1941690
211/21-N46,12437961,10323294
211/21-N49,6001377,4803717
211/21-N5,58341097,28351521
211/21-N50,893226,781563
211/21-N51,15580272,13663440
211/21-N52Y,352788,28315
211/21-N53Z,174292,258
211/21-N54,474204,248516
211/21-N55,3101018,2685888
211/21-N57,458328,4542
211/21-N58Z,120322,52175
211/21-N59,55556,10720
211/21-N6,35000219,18612817
211/21-N60,252342,172048
211/21-N61,4455,619
211/21-N62,13516,0
211/21-N7,1103460,0
211/21-N8,44800,0
211/21-N9,2571,2571
211/29-7,0,0
211/29-A1,885072,13583
211/29-A10,52552,52552
211/29-A11,72987,1309
211/29-A12,2167631,352723
211/29-A13,7900371,3898144
211/29-A14,105461,105461
211/29-A15,3302721,854357
211/29-A16,4698355,256962
211/29-A17,668837,200927
211/29-A18,216243,1236
211/29-A19,6653327,2777925
211/29-A2,7557155,801352
211/29-A20,931208,189424
211/29-A21,6658343,2520154
211/29-A22Z,109763,37753
211/29-A23,4277179,1511200
211/29-A24,30101,30101
211/29-A25,20026,20026
211/29-A26,2770642,1085979
211/29-A27,1013773,367882
211/29-A28,1935383,629804
211/29-A29,70624,25344
211/29-A3,1752381,710942
211/29-A30,1282291,728476
211/29-A31,1278186,548501
211/29-A32,25314,2924
211/29-A33,3086738,641018
211/29-A34,566618,280145
211/29-A35,0,0
211/29-A36,1335278,774258
211/29-A38,0,0
211/29-A38Z,1610202,896670
211/29-A39,2203547,1236161
211/29-A4,95667,1027
211/29-A41,402034,275800
211/29-A42,653898,300614
211/29-A43,1102593,699552
211/29-A44,5568214,3447270
211/29-A45,181990,124206
211/29-A46,130278,65014
211/29-A5,8833728,1690188
211/29-A50,371431,239666
211/29-A51,969578,742828
211/29-A52,1071887,626265
211/29-A53,188071,124788
211/29-A54,369229,234733
211/29-A55,309169,99722
211/29-A6,4375071,1189431
211/29-A7,22180,12291
211/29-A8,644445,38398
211/29-A9,398606,299689
211/29-B1,4912356,1257487
211/29-B10,1891644,366962
211/29-B11,11420,11420
211/29-B12,728110,254207
211/29-B13,335454,229242
211/29-B14,10250,10250
211/29-B15,4547686,624028
211/29-B16,43872,43872
211/29-B17,168796,98757
211/29-B18,3777712,824698
211/29-B19,42176,42176
211/29-B2,8393557,1131814
211/29-B20,6499990,2387642
211/29-B21,15093,15093
211/29-B22,5968686,496612
211/29-B23,5235314,1090170
211/29-B24,4457150,1744945
211/29-B25,2639780,272198
211/29-B26,5996599,1934351
211/29-B27,281024,143276
211/29-B28,1768017,617841
211/29-B29,5515997,2677755
211/29-B3,5961546,1557055
211/29-B30,5363,5363
211/29-B31,2912078,1366287
211/29-B32,3869056,1789358
211/29-B33,2777871,1373882
211/29-B34,2731189,1152841
211/29-B35,2475506,902637
211/29-B36,2665425,883729
211/29-B37,848651,160704
211/29-B38,1496799,916949
211/29-B39,2406619,1452254
211/29-B4,8370864,1135343
211/29-B41,18289,2239
211/29-B42,1692712,855834
211/29-B43,1114869,738070
211/29-B44,4197194,3988646
211/29-B45,504435,248875
211/29-B46,2542149,2429342
211/29-B47,6185302,5043736
211/29-B48,2918103,2446442
211/29-B49,1291411,1152756
211/29-B5,7384227,1076714
211/29-B50,2199354,1790835
211/29-B52Y,739455,454161
211/29-B53,25459,764
211/29-B54,389166,260019
211/29-B55,288328,137550
211/29-B56,1408628,975448
211/29-B57,170064,125845
211/29-B58,475784,372848
211/29-B59,129297,73093
211/29-B6,651779,426172
211/29-B62,7263,3057
211/29-B7,149385,33879
211/29-B8,22519,122
211/29-B9,1441204,392689
211/29-C1,7662028,2086753
211/29-C10,8880209,2507601
211/29-C11,37514,31193
211/29-C12,9706,9706
211/29-C13,8534464,2819149
211/29-C14,7266534,2367678
211/29-C15,3176618,556245
211/29-C16,49609,3715
211/29-C17,92740,64322
211/29-C18,10769711,4715402
211/29-C19,8581,8581
211/29-C2,6102007,1791070
211/29-C20,9259107,5044180
211/29-C21,51437,46150
211/29-C22,3117990,706863
211/29-C23,5148812,2716775
211/29-C24,2818916,1198105
211/29-C25,10717998,7347562
211/29-C26,2089777,1541819
211/29-C27,2210120,1340258
211/29-C28,4039053,1319564
211/29-C29,428440,292549
211/29-C3,2892692,364679
211/29-C30,12818512,6316772
211/29-C31,3518833,298357
211/29-C32,2777343,1531503
211/29-C33,888098,246398
211/29-C34,1359170,455146
211/29-C35,571715,22525
211/29-C36,2896917,1089605
211/29-C37,4436723,2337004
211/29-C38,2031535,1191966
211/29-C39,3027687,1635854
211/29-C4,74447,74447
211/29-C40,409370,55898
211/29-C41,5113654,3832074
211/29-C43,1549733,1462692
211/29-C44Z,173517,139033
211/29-C45,530963,202604
211/29-C46,2171794,1942327
211/29-C47,1870508,1708189
211/29-C48,502876,304222
211/29-C49,303113,270430
211/29-C5,32278,32278
211/29-C50,251405,251222
211/29-C51,146162,122257
211/29-C53,7891,2261
211/29-C6,17147,17147
211/29-C7,101303,7990
211/29-C8,3180487,1666466
211/29-C9,5396951,2039962
211/29-D1,11158964,5314643
211/29-D10,369695,265543
211/29-D11,326824,141686
211/29-D12,55136,55136
211/29-D13,6454394,1491399
211/29-D14,2455336,702682
211/29-D15,12810,12810
211/29-D16,669453,298277
211/29-D17,34484,34484
211/29-D18,2646281,1906360
211/29-D19,8134372,1211020
211/29-D2,2808757,1153313
211/29-D20,8118172,3600331
211/29-D21,9797,9797
211/29-D22,16433,16433
211/29-D23,8391011,3220657
211/29-D24,4612844,1782311
211/29-D25,5271400,2667205
211/29-D25Z,4738076,4015266
211/29-D26,4896853,3133351
211/29-D27,355761,244920
211/29-D28,2911105,1376699
211/29-D29,270170,129983
211/29-D2Y,358326,241625
211/29-D3,636929,207156
211/29-D30,3389324,1136561
211/29-D31,2865753,717299
211/29-D32,0,0
211/29-D33,5466227,2768074
211/29-D34,1047491,541397
211/29-D35,7019,6797
211/29-D36,3304526,2019476
211/29-D36Z,2750951,2444747
211/29-D37,3643051,1337006
211/29-D38,5123502,4286348
211/29-D39,3419820,2854412
211/29-D39Z,1600694,86310
211/29-D4,11116917,3804982
211/29-D41,599296,546160
211/29-D42,1033578,432826
211/29-D43,919397,519910
211/29-D43Z,3032434,2406227
211/29-D44,947466,743350
211/29-D45,13770,10364
211/29-D46,255520,27398
211/29-D47,1480500,1334539
211/29-D48,332886,258114
211/29-D49,112067,71630
211/29-D5,4791984,3395706
211/29-D50Z,1473543,1139989
211/29-D51,681395,647670
211/29-D52,286817,162377
211/29-D53,88082,734
211/29-D54,343660,215427
211/29-D6,10391111,6094885
211/29-D7,7032411,1552624
211/29-D8,5499476,3169609
211/29-D9,6010931,2128973
22/06a-E3Z,380468,232581
22/06a-E7,531573,420901
3/03-C61,150056,322
3/04a-E1Z,3277990,2493296
3/04a-E2,2703378,2045278
3/08-S49,1122913,540071
3/08-S51,941151,5055
3/08-S53,161131,12
3/08-S54,39283,5
3/08-S55,447135,273
3/08-S57,627,0
3/08-S58,673651,272396
3/08-S61,77517,142
30/17b-A1,8070226,3083015
30/17b-A10,1912711,1350714
30/17b-A11,389041,870
30/17b-A12,128459,19055
30/17b-A14,106,106
30/17b-A15,46798,327
30/17b-A16,42124,19
30/17b-A18,235724,5927
30/17b-A19,1750532,1169321
30/17b-A2,3303710,617074
30/17b-A20,11252223,9150705
30/17b-A22,1451077,505254
30/17b-A23,613113,131643
30/17b-A24,919296,372850
30/17b-A25,1988837,1677026
30/17b-A27,2092469,1379423
30/17b-A28,424656,2129
30/17b-A29,295879,68904
30/17b-A3,11812,1069
30/17b-A30,122619,938
30/17b-A31,127324,119176
30/17b-A4,1671505,1045880
30/17b-A5,2535305,1328205
30/17b-A6,0,0
30/17b-A7,314200,35575
30/17b-A8,306200,10022
30/17b-A9,1484624,545286
9/08a-B2Z,26040,7527
9/08a-B3Z,7828,7828
9/08a-B4Z,4366,4366
9/08a-B5,135427,1747
9/08a-B6,45846,209
9/09a-A1,68617,28087
9/09a-A10,13348,117
9/09a-A10Y,379,142
9/09a-A10Z,11942,167
9/09a-A11,747178,13836
9/09a-A12,17078,17078
9/09a-A12Z,8495,8495
9/09a-A13,2633941,508764
9/09a-A14,27932,15648
9/09a-A15,4592,4592
9/09a-A16Z,3021,1586
9/09a-A17Y,102353,10775
9/09a-A18,43560,4318
9/09a-A2,101769,43979
9/09a-A20,577613,88746
9/09a-A22,34961,1577
9/09a-A23,242833,2735
9/09a-A24,450,450
9/09a-A3,41740,17204
9/09a-A5,1138568,495235
9/09a-A6,95676,55056
9/09a-A7,109361,62470
9/09a-A8,101711,45461
9/09a-A9,114478,52210
9/18a-28,81392,905
9/18a-B1,291973,1292
9/18a-B2,173131,1653
9/18a-B4,28309,49
29/07-8,976293,4382
29/07-9,1743670,2222
110/13b-D15,398016,72171
110/13b-D16Z,37366,0
110/13-D1,997501,239517
110/13-D11,798110,200448
110/13-D12,1210042,204607
110/13-D2,749190,43791
110/13-D5,1270410,276322
110/13-D7,457320,4027
110/13-D8,943274,27895
15/20a-4,1055228,732696
15/20a-6,1718799,1037888
15/23a-G2,2221824,126730
15/23a-G3,925496,3265
16/21a-26,374325,190896
16/21a-27,2618200,1673676
16/21a-6,798556,278734
16/21a-8,1582550,306724
16/28-11,406129,146281
16/28-13,670333,221266
16/28-C1,1893949,646997
16/28-C2,1504075,653279
2/10a-11,801212,473132
2/10a-12,9524,4
2/10a-13,919173,517649
2/10a-15,869669,739196
2/15a-3,1441455,927510
2/15a-4,9035,2
2/15a-5,815163,630689
2/15a-6,1210128,1022075
2/15a-8,1816863,1026343
204/19-B1Z,1070436,540
204/19-B2Z,540636,1
204/19-B3,994330,4
204/19-B5,342494,58
204/19-B6Y,1091546,755
204/24-4,879254,9957
204/24a-A2,469215,3
204/24a-A3,473959,65
204/24a-A5,609598,2231
204/24a-A6,209283,0
204/24a-A8,8264,0
21/10-A1,10313348,2711319
21/10-A10,7009305,2557595
21/10-A11,106997,17083
21/10-A13,0,0
21/10-A14,4574284,2055421
21/10-A15,4834410,1458654
21/10-A16,4869737,1887963
21/10-A17,4666277,1839453
21/10-A18,5103448,2758211
21/10-A19,7538855,2436307
21/10-A2,11443719,1731724
21/10-A20,1729117,1145285
21/10-A21,4420783,2554280
21/10-A22,5086698,2364076
21/10-A3,12017762,2556002
21/10-A4,2296292,100681
21/10-A5,17207945,3978007
21/10-A6,11409920,1339819
21/10-A7,11112184,3674669
21/10-A8,11803500,1542829
21/10-B1,8878400,1763416
21/10-B10,347163,80590
21/10-B12,0,0
21/10-B14,8763852,1980881
21/10-B15,11336014,4187617
21/10-B16,6208335,2302451
21/10-B17,4745327,506302
21/10-B19,4762966,1724905
21/10-B2,10872315,2585703
21/10-B20,6934083,3192781
21/10-B21,3086686,1702941
21/10-B3,14302962,3238927
21/10-B4,12843223,2377306
21/10-B5,6551116,1052528
21/10-B6,7541871,2300201
21/10-B7,4196032,1982082
21/10-B8,2681054,222445
21/10-B9,6435921,990475
21/10-C1,16862235,4968659
21/10-C11,0,0
21/10-C12,0,0
21/10-C14,1188360,95791
21/10-C15,0,0
21/10-C16,5889676,2333526
21/10-C17,8489491,3242230
21/10-C18,4187674,1730294
21/10-C19,916,9
21/10-C2,4216405,1596847
21/10-C20,2956165,984126
21/10-C21,1670677,114111
21/10-C22,0,0
21/10-C3,18657115,5067585
21/10-C4,7181684,2156441
21/10-C5,18610966,5431462
21/10-C6,8295016,444826
21/10-C7,3741213,521370
21/10-C8,6527579,1800111
21/10-C9,2212410,51117
21/10-D1,5599441,425686
21/10-D10,6419991,1502369
21/10-D12,387053,27996
21/10-D13,6527994,1614060
21/10-D14,0,0
21/10-D15,8318061,2429134
21/10-D16,15139143,5457918
21/10-D17,7062933,3784607
21/10-D19,2865470,497182
21/10-D2,12541353,3642850
21/10-D20,3736540,1119241
21/10-D21,1328029,185384
21/10-D22,8013957,2657479
21/10-D24,9941485,4243096
21/10-D25,8417916,3240096
21/10-D26,2380671,1485047
21/10-D3,8837374,3498579
21/10-D4,12098842,2562589
21/10-D6,10989934,2325146
21/10-D7,0,0
21/10-D8,8177272,1231890
21/10-D9,2762372,1105480
21/11-C2,1939559,1298570
21/16-2,546339,86273
21/16-A2,1253021,634108
21/25-A1,871365,391081
21/25-A10,771216,53183
21/25-A11,1051995,216551
21/25-A12,564954,4725
21/25-A13,547717,4501
21/25-A2Z,1049271,243710
21/25-A4,912092,113409
21/25-A5,1168757,410599
21/25-A6,724127,32118
21/25-A7,596091,221141
21/25-A8,3066,0
21/25-A9,693887,8696
21/25-B1Z,389323,0
21/25-B2Z,398810,0
21/30-20,1702479,409931
21/30-21,1643614,263468
21/30-C1,2029975,37766
21/30-C2Z,283509,62622
21/30-C3,2396097,376218
21/30-C4,1794280,152791
21/30-C5,809,0
21/30-C6,4571766,700508
21/30-C7,1264031,5776
21/30-C8,3706461,1695921
21/30-C9,2019648,793728
211/16a-A1,14536841,6871927
211/16a-A10,697668,303277
211/16a-A11,30834489,19535550
211/16a-A13,1213891,886729
211/16a-A14,17589531,14743485
211/16a-A15,866759,700197
211/16a-A16,3083042,2761095
211/16a-A17,595880,538660
211/16a-A19Z,1256816,528302
211/16a-A2,36713854,19552432
211/16a-A21Y,3976026,3310215
211/16a-A23,151375,13195
211/16a-A3,4897112,2812120
211/16a-A6,9081964,3614720
211/16a-A7,1032136,506964
211/18-A44,9944498,8267178
211/18-A48,2196171,1167463
211/18-A51,3713524,3112055
211/18a-N6X,1616784,11739
211/18-N1,745776,185307
211/18-N2,4065939,1210380
211/18-N4,150932,8216
211/18-N5Z,1797558,31113
211/21-10Y,16537528,6338120
211/21-13,0,0
211/21a-18,1547048,502408
211/23-A1,13167963,6823491
211/23-A10,6606405,3302421
211/23-A11,10766205,6140032
211/23-A12,316742,43622
211/23-A13,5460038,2062225
211/23-A14,31485047,24261846
211/23-A15,15229778,12156721
211/23-A16,3903483,2812588
211/23-A17,50320,50320
211/23-A18,2885400,1338874
211/23-A19,3706,3706
211/23-A2,13070,13070
211/23-A20,3050467,951954
211/23-A21,8533836,6106840
211/23-A22,818214,712626
211/23-A23,12812174,10806259
211/23-A24,2660598,1584106
211/23-A25,9115282,6653652
211/23-A26,10697735,8178992
211/23-A27,8710292,5135404
211/23-A28,15047945,11878880
211/23-A29,19234378,12459071
211/23-A3,19889132,10056337
211/23-A31,657323,286022
211/23-A32,9476205,6957717
211/23-A33,777681,299823
211/23-A34,5881633,5148371
211/23-A35,616842,528597
211/23-A36,347194,123150
211/23-A37,1220252,403349
211/23-A38,17699555,13810194
211/23-A39,339961,188825
211/23-A4,8257634,1892600
211/23-A40,23708107,20570950
211/23-A41,12699338,8045924
211/23-A42,6538418,4458167
211/23-A43,5544704,4253527
211/23-A44,9449469,7764740
211/23-A45,2209277,1739726
211/23-A46,896738,624370
211/23-A47,189401,65424
211/23-A47Z,2837408,2380207
211/23-A48,23659,706
211/23-A5,8100671,3430760
211/23-A50,3360893,3082077
211/23-A51,1218318,1062184
211/23-A52Y,1756191,996932
211/23-A55,1097236,1002639
211/23-A57W,884991,554087
211/23-A58,448297,385100
211/23-A59,17389,770
211/23-A6,16104645,8679221
211/23-A60,55147,40364
211/23-A7,1075562,705108
211/23-A8,5702415,4569401
211/23-A9,34369,34369
211/26-10Z,1464009,967318
211/26-7,10867176,211060
211/26a-9,1304808,382024
211/26-A1,5626200,1043192
211/26-A10,13524704,5747408
211/26-A11,20448,20448
211/26-A12,2424542,676650
211/26-A13,0,0
211/26-A14,1117,0
211/26-A15,12415339,11368424
211/26-A16,100974,86613
211/26-A17,163090,127305
211/26-A18,48978,20234
211/26-A19,346558,128286
211/26-A2,10781472,307666
211/26-A21Z,2196116,1542234
211/26-A22,17030136,13860628
211/26-A24,293772,11552
211/26-A25,1401645,573825
211/26-A26,150204,64802
211/26-A28Z,106456,45145
211/26-A29,4700,172
211/26-A3,15426,15426
211/26-A30,233295,861
211/26-A4,1824962,1107985
211/26-A5,5845907,1812008
211/26-A6,32452,32452
211/26-A7,5028997,4329445
211/26-A8,23756,23756
211/26-A9,19773,19773
211/26b-10,7365971,1995761
211/26-U1,166556,0
211/26-U11,1589808,855256
211/26-U1Z,9096992,1020308
211/26-U2,8673288,1549588
211/26-U3,936,936
211/26-U4,15489852,5751640
211/26-U5,3116,3116
211/26-U6,12389600,8081160
211/26-U7Y,10211789,8351663
22/05b-A1,7835,7835
22/05b-A2,18300,18300
22/05b-A3,12988,12988
22/05b-A4,18223,18223
22/05b-A5,21133,21133
22/05b-A6,18872,18872
22/05b-A8,14714,14714
22/06a-E1,4374843,2482995
22/06a-E10,1684305,1439624
22/06a-E11,607516,130712
22/06a-E12,1041345,586599
22/06a-E13,2741395,269759
22/06a-E14,5291765,2232271
22/06a-E15,1872367,1446887
22/06a-E16,0,0
22/06a-E2,2697448,749582
22/06a-E3Z,2362310,910727
22/06a-E4,1876971,919478
22/06a-E5,1835616,1044314
22/06a-E6,3404882,688530
22/06a-E7,3191820,1778520
22/06a-E8,2214205,1152265
22/06a-E9,578705,7752
22/10a-T1,46928,29498
22/10a-T12,54858,22632
22/10a-T13,83108,10718
22/10a-T2,6713,2912
22/10a-T3,37916,18423
22/10a-T4,20845,14226
22/10a-T5,25640,17439
22/10a-T6,19140,19140
22/10a-T7,17953,9175
22/10a-T8,20792,12866
22/10a-T9,13448,5226
22/21-10X,306035,2177
22/21-11Y,182618,980
22/21-D1,621937,21479
22/21-D2,986767,28458
22/21-D3,521113,13766
22/21-D4Z,1081022,45033
22/21-D6,882052,54150
22/24d-E1,475747,11205
23/26b-W1Z,671629,27267
23/26b-W2,645813,28124
23/26b-W3,336277,3304
23/26b-W4,249977,2999
23/26b-W5,337436,2778
29/07-8Z,1124976,1868
3/14a-D1,808243,23931
3/14a-D10,761861,839
3/14a-D13,328729,5016
3/14a-D14,464357,860
3/14a-D15,370884,1983
3/14a-D16,538000,2352
3/14a-D18,323887,5865
3/14a-D19,171773,821
3/14a-D2,2658217,47483
3/14a-D20,110276,355
3/14a-D22,36917,574
3/14a-D23Z,252835,33161
3/14a-D3,1018098,10524
3/14a-D4,1841319,183051
3/14a-D5,415216,2254
3/14a-D6,762425,28881
3/14a-D7,216007,20
3/14a-D8,2474364,47051
3/14a-D9,477861,955
3/15-7,5913,5913
3/15-A1,245275,245275
3/15-A2,182008,182008
30/16-F1,803421,114470
30/16-F10,4116,4116
30/16-F11,9281482,194024
30/16-F12,0,0
30/16-F13,7263254,1815629
30/16-F14,440,440
30/16-F15,551,551
30/16-F16,478,478
30/16-F17,13680078,1264224
30/16-F18,10158661,6762492
30/16-F19,4107959,1209357
30/16-F2,9839553,1257621
30/16-F20,8350468,2561883
30/16-F21,9397609,4692603
30/16-F22,10568800,8265326
30/16-F24,12084156,2865037
30/16-F25,3663332,2288866
30/16-F26,0,0
30/16-F29,222784,95634
30/16-F3,2360423,169028
30/16-F30,15679956,10331010
30/16-F31,0,0
30/16-F32,6103273,4798702
30/16-F33,2092108,1872430
30/16-F34,7790568,7367709
30/16-F35,601724,552397
30/16-F36,228218,206072
30/16-F4,800,800
30/16-F5,9032497,1101293
30/16-F6,824,824
30/16-F7,550,550
30/16-F8,400,400
30/16-F9,1413,1413
30/16-T1,11644951,2162753
30/16-T2,4424761,1178447
30/16-T3,13131324,944588
30/16-T4,12470028,6364
30/16-T5,5885230,1290214
30/24-15,2722919,1171384
30/24-17,1506546,800915
30/24-19,866415,553664
30/24-22,240811,72062
30/24-30,454693,178454
31/26-4,590417,59051
31/26a-9Z,922235,364014
31/26a-A10,72025,11139
31/26a-A3,4457490,2552747
31/26a-A6,714876,437693
31/26a-A7,1129131,512440
31/26a-A8,1686212,932494
31/26a-A9,1282426,561650
31/26a-F1,585966,157503
31/26a-F3Z,461991,105363
39/02-2,3741189,2311818
9/28a-10,373711,103
9/28a-12,476796,397195
9/28a-13,69942,223
9/28a-16,13610,218
9/28a-9,56150,394
110/15-L2,430119,5868
110/15-L3,95165,3353
110/15-L4,452263,19340
110/15-L5,504711,24037
110/15-L6,731931,17864
110/15-L7,594274,22765
110/15-L8Y,312239,11035
14/20-12,2462162,684302
14/20-13,4300677,1743554
14/20-14,5244330,939569
14/20b-H1,2175651,1167371
14/20b-H2,3354914,1527772
14/20b-H3Z,615689,103154
15/16-T1,6836,6836
15/16-T2,47223,23001
15/16-T3,39103,15486
15/16-T4,3386,3386
15/16-T5,64806,33019
15/16-T6,31157,10699
15/16-T8,50379,24175
15/17-A11,168919,27496
15/21a-19,5767355,1684911
15/21a-27,2811699,1242490
15/21a-28,4921780,1932704
15/21a-32,1948031,981129
15/21a-40,1067365,532477
15/24b-E1,1084647,228127
15/24b-W1V,471585,103302
15/24b-W2,1704582,376243
15/24b-W3,999640,225498
15/24b-W5,213228,68731
16/08a-K1,1827128,21952
16/08a-K2,1059137,15182
16/08a-K4Z,223732,3283
16/12a-23,222708,0
2/05-H1,4699609,1978858
2/05-H10Z,2998,0
2/05-H11,198126,72114
2/05-H12,7296,0
2/05-H13,843426,45502
2/05-H14,513,0
2/05-H16,2681,897
2/05-H17,68846,854
2/05-H18,2187579,847700
2/05-H19,587446,72341
2/05-H2,1348558,533684
2/05-H20,1027434,10148
2/05-H21,1595556,681452
2/05-H22,1146074,321678
2/05-H23,300099,29707
2/05-H25,2003614,881199
2/05-H26,40247,0
2/05-H27,16131,0
2/05-H28,2449135,664430
2/05-H29,36688,26600
2/05-H3,122236,0
2/05-H30,492438,283096
2/05-H31,1955,1925
2/05-H32,259541,1773
2/05-H33,705966,5560
2/05-H34,1015250,369200
2/05-H35,683587,494090
2/05-H36,1088038,513594
2/05-H37,3760466,3111467
2/05-H38,1020776,345160
2/05-H39,46052,7632
2/05-H4,668976,160661
2/05-H40,229358,1376
2/05-H41,1502690,233418
2/05-H42,616538,28708
2/05-H43,1668983,1166129
2/05-H44,84440,29705
2/05-H45,89667,37317
2/05-H46,216069,2492
2/05-H47,7286754,5375744
2/05-H48,4019143,3796423
2/05-H49,818944,286222
2/05-H50,20452,188
2/05-H51,1110612,869734
2/05-H52,1131,678
2/05-H53,343909,247704
2/05-H54,232250,126730
2/05-H55,641989,357140
2/05-H56,627006,283418
2/05-H57,285713,176167
2/05-H58,323594,77520
2/05-H5Z,650402,133434
2/05-H6,14414,0
2/05-H7,187872,0
2/05-H8,5879893,3077036
2/05-H9,15964,0
204/20-L1,763187,784
204/20-L3Z,524546,490
204/20-L4,0,0
21/18a-K1,1768519,325245
21/18a-K1Z,4927907,4014883
21/18a-K2,5018800,1596752
21/18a-K5,2461390,1042685
21/18a-K7,15209118,7378644
21/18a-K8,3290,0
21/19-7,1080225,5065
21/25-G1,3464145,2229428
21/25-G3,1264266,48789
21/25-G4Y,998426,563824
210/24a-A1,4179902,1012315
210/24a-A2,2885200,272690
210/24a-B1,2660547,1083771
210/24a-B2,2660996,1254016
210/24a-B5,936684,9476
210/24a-B6,448486,3530
211/07a-3,2336697,70996
211/12-3A,1017632,3947
211/12-5,4341545,23709
211/12-6,4570718,20803
211/12a-10,473519,2590
211/12a-11,902532,67568
211/12a-12A,1080908,6404
211/12a-13,1625918,104424
211/12a-16,0,0
211/12a-21,2020660,611171
211/12a-M1,10361332,54989
211/12a-M10,12115595,750367
211/12a-M11,8964193,668355
211/12a-M12,6732875,256805
211/12a-M13,317124,1027
211/12a-M14,4486377,229345
211/12a-M15,6469049,528320
211/12a-M16,4955522,45310
211/12a-M18,1663284,565553
211/12a-M19,1764783,477656
211/12a-M20,2976511,1155779
211/12a-M22,1867770,1217763
211/12a-M23,2540522,1762043
211/12a-M24,4809171,2992104
211/12a-M25,3516315,2660597
211/12a-M26,5027668,1611767
211/12a-M26Z,227849,1013
211/12a-M27,4705345,3999358
211/12a-M28,1494423,1273
211/12a-M29,1027254,545916
211/12a-M2Z,6429688,127777
211/12a-M3,1298,719
211/12a-M30,4039113,3227803
211/12a-M32,610182,453444
211/12a-M33,600868,754
211/12a-M35,1666458,1481207
211/12a-M36,1233849,95338
211/12a-M37,1044772,562413
211/12a-M39,170923,265
211/12a-M4,281237,8294
211/12a-M40,66035,152
211/12a-M41Y,21369,167
211/12a-M5,326476,21460
211/12a-M6,12484990,369882
211/12a-M7Z,4325254,284953
211/12a-M8,0,0
211/12a-M8A,44486,271
211/12a-M9,237248,1851
211/27-A1,9462368,3842985
211/27-A10,4707387,1622798
211/27-A11,4111631,1041972
211/27-A12,2347162,25910
211/27-A13,1713734,98801
211/27-A14,3938897,431377
211/27-A15,11003090,2850983
211/27-A16,158756,18692
211/27-A17,4876811,830180
211/27-A18,299563,148
211/27-A19,837595,92677
211/27-A2,470344,32611
211/27-A20,1886783,1318892
211/27-A21,56787,90
211/27-A22,39470,280
211/27-A23,893297,69218
211/27-A24,10730,248
211/27-A25,2512170,207736
211/27-A26,211394,1835
211/27-A27,50,0
211/27-A28,84443,8715
211/27-A29,2134300,1298573
211/27-A3,1455243,129258
211/27-A30,50480,1010
211/27-A31,4210506,3760825
211/27-A32,2023842,1492095
211/27-A33,3079425,866775
211/27-A34,5031300,2400415
211/27-A35,5881316,4071025
211/27-A36,4317873,2957017
211/27-A37,188557,107895
211/27-A38,983476,94460
211/27-A39,6654470,4671730
211/27-A4,26669765,15030505
211/27-A40,778845,319680
211/27-A41,14775023,11444836
211/27-A42,320448,70076
211/27-A44,80313,4317
211/27-A45,556186,105928
211/27-A47,53262,1436
211/27-A48,316019,264096
211/27-A49,2024226,1407054
211/27-A5,3149330,550
211/27-A50,157690,76600
211/27-A51,3293080,3008608
211/27-A52,161589,143522
211/27-A6,3496415,362970
211/27-A7,925330,168
211/27-A8,5103939,470941
211/27-A9,80408,4
211/28a-H12,9500,9462
211/28a-H18,5095195,3349542
211/28a-H19,12629,6879
211/28a-H20Z,787361,446246
211/28a-H22,11468934,8706298
211/28a-H23,42973382,33652362
211/28a-H28,3740116,3299636
211/28a-H29,678521,487102
211/28a-H30,12365651,11000408
211/28a-H32,3579227,3214915
211/28a-H33,206081,132038
211/28a-H34,3486103,3242294
211/28a-H35,1139721,323795
211/28a-H39,64163,7262
211/28a-H40,1202811,972704
211/28a-H42,210636,83726
211/28a-H43,1340448,1242600
211/28a-H44,18,18
211/28-H1,460243,430324
211/28-H10,1571912,1059277
211/28-H2,22745883,19073362
211/28-H24,1650,1617
211/28-H25,17394506,15408593
211/28-H26,4995,4
211/28-H27,72576,316
211/28-H3,48432347,36421753
211/28-H37,7377,4721
211/28-H38,2577494,1718876
211/28-H4,31377712,23169356
211/28-H41,22242,22242
211/28-H5,2042485,1002787
211/28-H6,18809481,12402908
211/28-H7Z,26779043,23108730
211/28-H8,33434179,24883913
211/28-H9,4127105,2658302
22/05b-A7,0,0
22/24a-A1Y,416218,1199
22/24a-A2,65137,876
22/24a-A3Z,302153,13325
22/24a-A4,172315,18152
22/30a-H1,1251697,40751
22/30a-H3,885714,36382
22/30a-H4,840359,28946
23/26a-18Z,838110,0
23/26a-20Y,885997,9860
23/26a-20Z,765886,0
23/26a-6Y,707553,0
23/26a-A1,1016856,38358
23/26a-A2,787076,42165
23/26a-A4,11541,109
3/02-A2,88718,14217
3/02-A3,612290,511474
3/02-A4,38418,33173
3/02-A5,296197,55246
3/02-A7,276552,100554
3/02-A9,330973,171392
30/07a-M1,630365,7315
30/07a-M2,792464,15619
30/07a-M3,1078935,13176
30/07a-M4,78101,5401
30/07a-M5,421196,30523
30/07a-P1,368684,18889
30/07a-P10,803992,125148
30/07a-P11,588458,48198
30/07a-P12,338,2
30/07a-P13,2158,52
30/07a-P14,206642,13328
30/07a-P15,22505,1888
30/07a-P2,369680,60333
30/07a-P3,1071515,8056
30/07a-P4,211637,24300
30/07a-P5,302656,20953
30/07a-P6,61139,2126
30/07a-P7,117414,2959
30/07a-P8,270405,36241
30/07a-P9,896088,3492
30/17a-11,498816,44320
30/17a-13,285193,61702
30/17a-J1,475354,118509
30/17a-J2Y,681422,774
30/17a-J6,385139,0
30/17b-9,2642899,2216604
30/17b-A26,1589,272
30/24-24,621123,9319
30/24-32,289412,9412
9/13c-40,112963,3102
9/18-2,78124,1053
9/18b-10,1951515,637923
9/18b-7,1726330,357462
9/18b-9,2750949,2750949
9/18b-A1,1956066,147926
9/18b-A11,1076089,101503
9/18b-A13,1033639,464168
9/18b-A14,1925674,794006
9/18b-A15,3144193,2577870
9/18b-A17,166553,108968
9/18b-A18,848931,165889
9/18b-A19,198100,47759
9/18b-A2,2425984,950389
9/18b-A3,881449,266002
9/18b-A4,10543968,10543968
9/23b-A1,3506416,59537
9/23b-A10,5530839,5530839
9/23b-A11,1522902,1850
9/23b-A12,1466571,44319
9/23b-A14,1061369,41962
9/23b-A15,1070968,54765
9/23b-A16,840642,22926
9/23b-A17,589967,1541
9/23b-A19Z,158197,2916
9/23b-A2,569482,206
9/23b-A3,2842851,36387
9/23b-A5,7568305,7568305
9/23b-A6,1542045,107477
9/23b-A7,0,0
9/23b-A9,1582977,77453
13/28a-B1,86273,939
13/29a-A2Z,246470,1555
13/29a-A3Y,203215,4069
13/29a-A4,299521,2433
13/29a-D1,163243,1630
14/20b-,6789799,1402249
15/17-B1,336957,1682
15/17-B11,5004566,2279989
15/17-B13,5055306,2652045
15/17-B14,2547793,2255801
15/17-B15,4199321,2801758
15/17-B16,2736496,1755025
15/17-B18,2311,2274
15/17-B1Z,6301880,3752998
15/17-B2,5254901,3480047
15/17-B3Z,4277706,3379109
15/17-B4,5940748,3432065
15/17-B5,5683797,3564585
15/17-B6,5629123,2270447
15/17-B8,5282079,4346817
15/17-P1,384703,154053
15/17-P10,327593,177255
15/17-P11Z,519527,30025
15/17-P13,429640,297077
15/17-P15,347142,179836
15/17-P2,262128,243545
15/17-P21,355716,276646
15/17-P26,380087,415
15/17-P3,355705,314882
15/17-P31,335381,167174
15/17-P32,338948,315165
15/17-P34,375399,330098
15/17-P38,81459,68205
15/17-P39,66227,1572
15/17-P4,220524,207006
15/17-P41,7189,2832
15/17-P43Z,406673,144768
15/17-P46,426471,345639
15/17-P47,331759,157935
15/17-P48,301683,278714
15/17-P51,264274,138470
15/17-P52,110931,89788
15/17-P53,183195,45903
15/17-P54,320883,254581
15/17-P55,233087,159750
15/17-P6,347070,198262
15/21a-,5217966,806581
15/21a-,1184273,373003
15/21a-,8304919,3999936
15/21a-,3981230,942341
15/21a-,7045850,3442542
15/27-,972445,49675
15/27-,0,0
16/08b-A1,4223962,116323
16/08b-A12,6966328,386450
16/08b-A14,5221507,1270399
16/08b-A15,3864338,290559
16/08b-A16,1416893,324134
16/08b-A17,3146917,21920
16/08b-A18,3152915,703205
16/08b-A19,4270189,748496
16/08b-A2,5849840,114085
16/08b-A21,800982,24982
16/08b-A3,4440281,154522
16/08b-A4,3297765,105200
16/08b-A8,7691454,837402
16/08b-A9,4297484,378152
16/29a-,1208599,541825
16/29a-A1,1512179,136671
16/29a-A11,5583453,2300984
16/29a-A13,6322260,3666136
16/29a-A14,940417,230913
16/29a-A15,204,9
16/29a-A18,312,0
16/29a-A19,0,0
16/29a-A2,2757865,273867
16/29a-A20,0,0
16/29a-A21,1072490,835780
16/29a-A22,1935169,1368266
16/29a-A23,0,0
16/29a-A24,730584,685859
16/29a-A25,367200,237
16/29a-A3,1228628,274510
16/29a-A4,6362839,2866740
16/29a-A5,10647193,4946492
16/29a-A6,1257020,296585
16/29a-A7,9964533,4181792
16/29a-A8,2560548,321327
16/29a-A9,7715539,3158342
211/19-,466956,54
211/19-,546519,33
211/19a-M24Y,5363132,4359856
211/19a-M26,134602,350
211/19a-M40,1321243,1160256
211/19a-M42,1522227,1381497
211/19a-M46,485401,315837
211/19a-M47,248906,163660
211/19a-M48,148631,83828
211/19a-M49,160186,5124
211/19a-M50,112671,78999
211/19a-M51,38660,0
211/19-M1,28195913,20697258
211/19-M10,324604,65529
211/19-M14Y,16931169,13643473
211/19-M15A,14150405,11259594
211/19-M17,7507546,4415026
211/19-M18A,15220415,10867510
211/19-M19,14105433,7829823
211/19-M2,13199755,7214802
211/19-M20,28593373,22945013
211/19-M21,137556,20794
211/19-M22,11926999,5731047
211/19-M23,8230418,6425732
211/19-M25,12147134,5929228
211/19-M27,3746544,3183048
211/19-M28,2004597,1420935
211/19-M29,323,1
211/19-M3,6548302,1652601
211/19-M30,465867,373882
211/19-M31,9912694,8520782
211/19-M32,3395621,1951318
211/19-M33,2428119,2114352
211/19-M34,4031241,3614941
211/19-M35,186774,64703
211/19-M36,763292,546750
211/19-M37,1814140,1569280
211/19-M38,2481385,1641898
211/19-M4,25055327,14421501
211/19-M41,1877609,1386493
211/19-M43,688064,624901
211/19-M44,97963,38465
211/19-M45,493935,320385
211/19-M5,6912713,2277264
211/19-M7,810648,567676
211/19-M9,778839,156557
211/23a-,1418738,156409
211/23a-,607765,18278
211/23-P1,2045708,581149
211/23-P10Z,560121,480810
211/23-P2,3492074,1776839
211/23-P3,3631850,2515077
211/23-P4Z,5947089,3091637
211/23-P5,3882987,2576274
211/23-P6,4261551,2943573
211/23-P7,2135746,817228
211/23-P8Y,1110732,622822
211/23-P9X,235348,192867
211/26a-P1,2098532,111661
211/26a-P2,3097685,3494
211/26a-P3,519670,2588
211/26a-P4Y,307001,0
211/26a-P5,285754,24
211/26a-P6Z,1967490,23026
211/26a-P8Z,265829,5985
211/26a-P9Z,170506,2800
22/11-A1,1964641,723746
22/11-A2,1854004,572458
22/11-A3,1582117,472259
22/11-A4,1097115,391913
22/11-N1,853092,102879
22/11-N10,4087476,1245288
22/11-N12,3024421,330039
22/11-N13,1563790,618346
22/11-N15,2834277,1034622
22/11-N16,1120489,216991
22/11-N17,1942841,255570
22/11-N18,2057275,535944
22/11-N19,1825836,555727
22/11-N2,3693104,1468019
22/11-N20,1775000,482679
22/11-N21,1142249,264526
22/11-N25,286829,58212
22/11-N26,527657,173067
22/11-N27,52134,1121
22/11-N28,207077,836
22/11-N3,3138658,1136423
22/11-N4,3737577,912386
22/11-N5,4945902,946302
22/11-N6,4004827,1026324
22/11-N7,4265963,953692
22/11-N8,1407171,404619
22/11-N9,2569735,1058117
22/17-A1,768225,260013
22/17-A10,629785,245843
22/17-A13,980289,668412
22/17-A14,703301,400314
22/17-A15,1994348,763178
22/17-A16,500188,258080
22/17-A19,698,4
22/17-A2,232290,35058
22/17-A20,714674,81005
22/17-A21,86815,24326
22/17-A22,411719,42762
22/17-A23,959225,297225
22/17-A24,658791,62124
22/17-A25,380633,344365
22/17-A26,373855,156375
22/17-A3,1084747,161604
22/17-A4,147620,1990
22/17-A5,595382,276712
22/17-A6,2229320,1409141
22/17-A7,579483,264087
22/17-A8,1544273,1045132
22/17-A9,952601,109851
22/20-,0,0
22/20-A1,852068,56129
22/20-A3Z,1299597,26179
22/20-A4,595274,46502
22/20-A5,479442,64383
22/20-A8,119700,1005
22/20-A9,3134,0
22/20-B1Z,258460,35734
22/20-B2,288601,1555
23/22a-A1,175832,395
23/22a-A3X,270041,326
23/22a-A5,234732,220
23/22a-A6,183983,620
23/27-,319944,159
23/27-B2,536728,1282
3/03-,113228,12930
3/03-C1,6388982,1840288
3/03-C10,6170104,2748835
3/03-C11,5021551,2062290
3/03-C12,12793,11296
3/03-C13,64331,51752
3/03-C14Z,471621,244741
3/03-C15,6115,0
3/03-C16,5617318,4820757
3/03-C17,2258265,989850
3/03-C18Z,2564895,644833
3/03-C19,15716,0
3/03-C2,13213956,8998931
3/03-C20,62473,42582
3/03-C21Z,8460027,3986178
3/03-C22,0,0
3/03-C23,271366,76762
3/03-C24,2836,0
3/03-C25,144417,131334
3/03-C26,7182918,4851971
3/03-C27,730921,148178
3/03-C28,2018276,1392151
3/03-C29,2453888,2000329
3/03-C3,28448869,19648094
3/03-C30,9475708,5424640
3/03-C31,10542775,7740437
3/03-C32,103729,73293
3/03-C33,3774520,2727793
3/03-C34,5280156,3173138
3/03-C35,1419390,1028805
3/03-C36,3381622,2296479
3/03-C37,3855037,2753495
3/03-C38,8014418,4395453
3/03-C39,4490336,3281314
3/03-C4,19505276,13628832
3/03-C40,6141245,4419160
3/03-C41,16946496,14669521
3/03-C43,10744675,9300200
3/03-C44,6099335,5415482
3/03-C45,9883152,8898620
3/03-C46,13605065,10437501
3/03-C48,8662416,6889598
3/03-C49,840422,89109
3/03-C5,777107,70446
3/03-C50,10410157,9507691
3/03-C51,749954,710153
3/03-C52,987487,695157
3/03-C53,8792668,7988476
3/03-C54,164647,9683
3/03-C55,1599591,1494357
3/03-C56,875721,719890
3/03-C57,1184386,995402
3/03-C58,2860150,2577723
3/03-C59,811688,584077
3/03-C6,36919,10850
3/03-C60,1020326,832139
3/03-C62,1639707,1397766
3/03-C63,38823,770
3/03-C7,2770141,818707
3/03-C8,15293,3259
3/03-C9,12616714,7255111
3/03-N1,13535301,9279725
3/03-N10,9693984,7785793
3/03-N11Z,2105,1
3/03-N12,5384592,3476412
3/03-N13,1700268,612608
3/03-N15,8873330,7348543
3/03-N16,7064407,4821477
3/03-N17,9655,0
3/03-N18,1200344,929042
3/03-N19,53625,806
3/03-N2,5178,280
3/03-N20,8762542,7552742
3/03-N21,15808037,12657503
3/03-N22,73833,32820
3/03-N23,2058588,1259955
3/03-N24,14457061,13088516
3/03-N25,9546700,8805176
3/03-N26,2457,13
3/03-N28,2899143,2644541
3/03-N29,4023212,3000648
3/03-N30,282303,166583
3/03-N31,1270801,1163553
3/03-N32,2311798,1978765
3/03-N33,62895,22012
3/03-N34,179065,173405
3/03-N3Z,3145493,1571529
3/03-N5,11673200,5514923
3/03-N6,14891,99
3/03-N9,8938278,5932284
3/08-S1,2996529,1228161
3/08-S10,1417334,769111
3/08-S11,2740,9
3/08-S12,0,0
3/08-S13,9678961,6890619
3/08-S14,327943,306626
3/08-S15,7641482,5381295
3/08-S17,4789512,3128693
3/08-S18Z,2307423,578568
3/08-S19,8511907,6455513
3/08-S2,8857746,6330369
3/08-S20,706837,702519
3/08-S21,1024553,306501
3/08-S23,5133085,3406454
3/08-S25,8563610,6816130
3/08-S27,5821424,4515773
3/08-S28,20114207,15192498
3/08-S29,2562916,1359390
3/08-S3,16461965,11385264
3/08-S30,1261042,812702
3/08-S31,8897,36
3/08-S32,1425100,1124204
3/08-S33A,12803180,9332368
3/08-S34,4346,0
3/08-S35,15463329,12686969
3/08-S36,10252856,8979389
3/08-S38,2717443,2196897
3/08-S39,3897150,3742583
3/08-S4,1779526,458297
3/08-S40,392852,300331
3/08-S41,3813165,2657013
3/08-S42,1045878,883850
3/08-S43,9136019,7806555
3/08-S44,992405,480303
3/08-S45,883623,294545
3/08-S46,1033863,954638
3/08-S47,161838,157920
3/08-S48,1429341,1300106
3/08-S5,15518780,10677918
3/08-S50,1094070,987928
3/08-S52,2412822,2222549
3/08-S56,170800,6480
3/08-S59,542885,485699
3/08-S6,125122,0
3/08-S60,265722,226914
3/08-S62,0,0
3/08-S7,1404753,774359
3/08-S8,10617,1541
3/08-S9,7926474,3963757
30/17b-,165206,173
30/18-,246576,1082
9/13a-,1358775,75878
9/13a-,307324,957
9/13a-N1,1466257,178775
9/13a-N3Z,956177,84071
9/13a-N6Z,285113,612
9/13a-N7Z,196806,5826
9/13a-N8,65894,177
9/13b-,3252610,1806011
9/13b-,228583,29982
9/13b-,5082216,3341605
9/13b-,92954,180
9/13b-,83002,50571
9/13b-,771802,85484
9/13b-N4Y,260982,101533
N10/01-A12,6785248,5635955
14/19-18,76523,210
14/19a-20Z,5040515,1734987
14/19a-E1,424661,8742
14/19a-E2,2632650,1242518
14/19a-E4,252,252
14/19a-E5,2603712,1198229
14/19a-E6,1990551,642267
14/19a-E7,2551751,635196
14/19a-E9,2523483,859424
14/19-C47,3293778,463109
14/19-C70,1282447,919520
14/19-E12,1245708,275854
15/16-10,706405,120
15/16-11,4204240,1127416
15/16-12,22605,0
15/16-15,96673,0
15/16a-T10Y,7655856,6056958
15/16a-T11,547305,237280
15/16-T1,444781,32610
15/16-T14,860647,197063
15/16-T15,951263,532482
15/16-T16,1007929,957
15/16-T18,143560,85697
15/16-T1Z,1439841,1505
15/16-T2,571026,240613
15/16-T3,1743531,464604
15/16-T4,866,16
15/16-T6,1251299,302352
15/16-T7Y,61349,52108
15/16-T8,7316446,2462498
15/16-T9,251267,114206
15/17-A1,3963077,623401
15/17-A12,1095915,442899
15/17-A2,2792126,1445104
15/17-A4,1012971,130787
15/17-A5,2647,917
15/17-A6,4221842,1076145
15/17-A7,408023,47893
15/17-A8,2667090,847207
15/21a-A2,3964545,395033
15/21a-A3,7639137,2998342
15/21a-A4,4379668,30784
15/21a-E1Y,3843026,1807831
15/21a-E2Z,1111949,418316
15/22-D1,4505833,878984
15/22-D2,8685452,4327892
15/22-D3,3581367,1544238
15/22-D4,5940848,1900368
15/22-F1,1254703,620288
15/22-F3Z,102993,2991
15/22-F4,14382,88
15/22-G1Z,2391711,864792
15/22-G2,3227246,339984
15/22-J1,4973734,2874592
15/22-J10,76802,59
15/22-J11,2220563,826353
15/22-J14,3413853,2238885
15/22-J16,947935,33525
15/22-J18Z,48780,3022
15/22-J2,2253546,794288
15/22-J20Y,48295,1925
15/22-J3Z,1938965,446966
15/22-J4,5954819,1957605
15/22-J5Z,1026539,87508
15/22-J6,1098307,22157
15/22-J7,5162930,2501945
15/22-J8,401178,93448
15/22-J9,219608,1898
15/28b-7Z,257087,3750
16/06a-V1,1254708,11615
16/07a-W1Z,984840,59167
16/07a-W2,379224,34202
16/07a-W3,1000634,54589
16/07a-W6,296060,1779
16/12a-8,0,0
16/17-A1,2366811,256206
16/17-A10,324523,67864
16/17-A11Z,54816,939
16/17-A2,3109647,56812
16/17-A3,1638950,399266
16/17-A4,1461435,131636
16/17-A5Z,1392920,380425
16/17-A8,24469,445
16/17-A9,650,0
16/17-B1,2783030,61413
16/17-B2,1017534,7751
16/17-B3,1606826,170025
16/17-B4,767118,6145
16/17-C1Z,1366151,11182
16/17-C2,887171,3477
16/17-C3,1255764,437501
16/17-C4,1062199,9244
16/17-C5Y,98417,404
16/21a-2,203945,123344
16/21a-20Z,887974,727118
204/20-5,2044001,3404
204/20-C10,395001,315
204/20-C11,109048,68
204/20-C12,0,0
204/20-C3,1130220,2753
204/20-C5,484409,674
204/20-C6,191381,328
204/20-C7,157768,357
204/20-W1,378664,321
204/20-W2,817933,1095
204/20-W4,530019,570
204/20-W5,142327,159
21/25-10,2085736,1391310
21/25-T1,4237485,7966
210/25-1,14446677,1463663
210/25-2,35752748,10430608
210/25a-A10Z,1108306,98350
210/25a-A12Z,836100,43410
210/25a-A13,7262770,3198120
210/25a-A14,9738392,4062240
210/25a-A15,2692670,1253147
210/25a-A17,520312,169049
210/25a-A18Y,674258,476022
210/25a-A20,3697964,1181932
210/25a-A21,1174800,349606
210/25a-A22Z,511840,30509
210/25a-A23Z,745611,454039
210/25a-A24,493314,14720
210/25a-A26,97607,1605
210/25a-A27,793662,458636
210/25a-A28,309106,205386
210/25a-A29,129604,54380
210/25a-A4,23907179,111205
210/25a-A6,27354276,8485804
210/25a-A7,13639680,3623332
210/25a-A9,16713844,3130964
211/12a-22,1936462,38886
211/18-A1,604847,551216
211/18-A10,3273094,3127667
211/18-A11,2493465,2377439
211/18-A12,271409,159552
211/18-A13,25578,18923
211/18-A14,449952,323104
211/18-A15,34566,18717
211/18-A16,345175,313354
211/18-A17,153079,130059
211/18-A18,0,0
211/18-A19,8745783,8367470
211/18-A2,2390160,1998066
211/18-A20,1268609,1030538
211/18-A21,2163306,1929225
211/18-A22,0,0
211/18-A23,33377,5738
211/18-A24,0,0
211/18-A25,4275559,4069443
211/18-A25Z,99608,92697
211/18-A26,5766278,5545822
211/18-A27,4396605,4127067
211/18-A28,0,0
211/18-A29,1438327,1345570
211/18-A29Z,0,0
211/18-A3,725,631
211/18-A30,255260,220808
211/18-A31,10686216,9131637
211/18-A32,1047898,918760
211/18-A33,1526704,1447590
211/18-A34,3330846,1906187
211/18-A35,1393379,1229414
211/18-A36,640080,516109
211/18-A37,435952,357520
211/18-A38,84392,772
211/18-A39,693764,626418
211/18-A4,3027624,2611299
211/18-A40,1359207,1183692
211/18-A41,3442676,3151906
211/18-A42,9295907,8773591
211/18-A43,4624773,3779798
211/18-A45,5642922,5329246
211/18-A45Z,836168,738936
211/18-A46,1376671,492783
211/18-A47,4576152,4114517
211/18-A49,6308056,5943148
211/18-A5,2248157,2156101
211/18-A50,4088823,3906728
211/18-A52,6432784,5651925
211/18-A53,4748882,3880281
211/18-A7,3052826,2876985
211/18-A8,2395444,2259745
211/18-A9,119492,104925
3/04a-14,349997,293041
3/04a-9,1553330,800355
3/04a-M1,451403,451403
3/04a-M10,4126799,2953249
3/04a-M11,1662458,1402411
3/04a-M12,296,296
3/04a-M2,43143,43143
3/04a-M2Z,0,0
3/04a-M3,1858455,1301267
3/04a-M4,405928,405928
3/04a-M7,2571428,1889145
3/04a-M8,69193,69193
3/04a-M9,2920288,1769811
3/08b-10,105775,795
3/08b-14,548709,3821
N33/09-A10,2402690,608339
N33/09-A11,14481749,4432882
N33/09-A12,7824824,104490
N33/09-A13,8406090,1363840
N33/09-A15,8186193,2739428
N33/09-A16,17978679,3836954
N33/09-A17,14229265,4728631
N33/09-A18,11180782,4885044
N33/09-A2,14454641,2799042
N33/09-A20,15445148,2717954
N33/09-A22,39242,8857
N33/09-A23,12528045,1791151
N33/09-A24,10303461,5777300
N33/09-A27,1110057,633426
N33/09-A28,12951032,6770042
N33/09-A29,2969477,457605
N33/09-A3,16784,0
N33/09-A31,15271350,4346223
N33/09-A32,13958828,2480852
N33/09-A33,16330506,5757908
N33/09-A34,10762829,2398553
N33/09-A35,1807823,752489
N33/09-A37,3976930,471183
N33/09-A38,9106705,694912
N33/09-A39,6190,0
N33/09-A40,6175263,2279006
N33/09-A41,16194663,3764126
N33/09-A42,16624,0
N33/09-A6,23333078,3859906
N33/09-A7,15751731,4674059
N33/09-A8,940425,277331
N33/09-C08,2806480,1862702
N33/09-C10,1969427,1212224
N33/09-C11,192270,28882
N33/09-C12,16835447,4085076
N33/09-C13,743430,0
N33/09-C15,12885825,2664591
N33/09-C16,11927697,2094481
N33/09-C17,1958778,683783
N33/09-C18,744621,384283
N33/09-C19,212991,146907
N33/09-C2,64970,17049
N33/09-C20,949307,104506
N33/09-C21,9818786,2068705
N33/09-C22,2920341,1909076
N33/09-C23,464570,192338
N33/09-C24,3364797,2158814
N33/09-C26,8972747,3213726
N33/09-C27,3878285,835612
N33/09-C28,13907980,2084867
N33/09-C29,967181,69832
N33/09-C3,4108135,2576578
N33/09-C31,7763177,4365490
N33/09-C32,17143157,1749193
N33/09-C33,7654644,1487034
N33/09-C34,84452,0
N33/09-C36,1885890,822620
N33/09-C37,12053027,2469912
N33/09-C38,19195247,3841571
N33/09-C39,6161773,3541790
N33/09-C40,1265931,808344
N33/09-C41,2581473,1001314
N33/09-C42,14983331,4356577
N33/09-C5,10819226,4543140
N33/09-C6,8184076,4408300
N33/09-C7,12201094,4878850
N33/12-B10,13071599,5218974
N33/12-B11,3118649,1770481
N33/12-B12,3295948,1540819
N33/12-B13,5375810,942842
N33/12-B15,2576882,258941
N33/12-B16,2423580,1328200
N33/12-B17,13433226,3598452
N33/12-B18,78128,0
N33/12-B19,2256847,802840
N33/12-B2,152604,20568
N33/12-B20,14277741,5277946
N33/12-B21,2405004,19222
N33/12-B22,13575982,4607467
N33/12-B23,15819398,5214669
N33/12-B24,9386180,394597
N33/12-B27,2253777,344151
N33/12-B28,3445555,945550
N33/12-B29,1034433,462881
N33/12-B3,18280985,4333132
N33/12-B31,12947618,5000119
N33/12-B32,16453364,5932212
N33/12-B33,1569088,404287
N33/12-B34,95222,0
N33/12-B35,12846726,4081344
N33/12-B36,1882322,638568
N33/12-B37,15824522,5018266
N33/12-B38,3857444,443462
N33/12-B39,5840533,2304560
N33/12-B40,9439831,1945635
N33/12-B41,5877222,2655799
N33/12-B42,4836489,3131426
N33/12-B5,6426212,696547
N33/12-B6,16595076,2972639
N33/12-B7,10837028,3717427
N33/12-B8,10611552,4303517
